,file,object,xmin,ymin,xmax,ymax
1,Psy001.jpg,psylla,251,160,283,191
2,Psy002.jpg,psylla,69,203,122,241
3,Psy002.jpg,psylla,268,443,306,474
4,Psy003.jpg,psylla,33,250,89,286
5,Psy004.jpg,wasp,53,117,91,146
6,Psy005.jpg,wasp,119,214,165,246
7,Psy006.jpg,psylla,440,337,466,363
8,Psy007.jpg,wasp,312,300,363,319
9,Psy008.jpg,psylla,220,329,249,344
10,Psy008.jpg,psylla,44,431,83,450
11,Psy009.jpg,psylla,45,441,100,468
12,Psy010.jpg,psylla,94,212,144,246
13,Psy011.jpg,psylla,239,120,281,151
14,Psy011.jpg,psylla,203,348,225,373
15,Psy012.jpg,psylla,44,153,85,181
16,Psy012.jpg,psylla,69,229,101,256
17,Psy013.jpg,psylla,59,298,113,330
18,Psy014.jpg,wasp,123,136,172,185
19,Psy015.jpg,psylla,55,321,114,372
20,Psy016.jpg,psylla,237,113,302,145
21,Psy017.jpg,wasp,66,57,132,84
22,Psy019.jpg,psylla,334,213,397,264
23,Psy020.jpg,psylla,341,209,405,237
24,Psy021.jpg,psylla,343,379,406,417
25,Psy022.jpg,psylla,398,422,475,450
26,Psy023.jpg,wasp,400,383,462,437
27,Psy024.jpg,wasp,313,434,380,462
28,Psy025.jpg,psylla,272,263,304,327
29,Psy027.jpg,psylla,146,426,206,450
30,Psy027.jpg,psylla,359,28,416,56
31,Psy028.jpg,psylla,424,243,453,276
32,Psy029.jpg,psylla,220,290,261,320
33,Psy031.jpg,psylla,164,303,226,346
34,Psy031.jpg,psylla,169,50,189,94
35,Psy032.jpg,psylla,66,241,139,285
36,Psy032.jpg,psylla,366,246,415,273
37,Psy034.jpg,psylla,325,294,403,326
38,Psy035.jpg,psylla,143,406,232,428
39,Psy036.jpg,psylla,201,362,254,442
40,Psy037.jpg,psylla,250,207,327,235
41,Psy039.jpg,psylla,365,108,408,150
42,Psy039.jpg,psylla,349,215,398,268
43,Psy040.jpg,psylla,282,211,361,241
44,Psy041.jpg,psylla,225,290,313,317
45,Psy042.jpg,psylla,38,276,104,356
46,Psy043.jpg,psylla,385,237,449,264
47,Psy044.jpg,psylla,255,222,298,251
48,Psy045.jpg,wasp,216,87,277,152
49,Psy046.jpg,wasp,193,283,225,318
50,Psy047.jpg,psylla,258,106,305,137
51,Psy048.jpg,psylla,384,233,446,262
52,Psy049.jpg,psylla,247,218,297,246
53,Psy050.jpg,wasp,215,94,281,149
54,Psy051.jpg,psylla,430,71,469,113
55,Psy051.jpg,psylla,87,316,137,350
56,Psy052.jpg,psylla,120,174,148,194
57,Psy053.jpg,psylla,118,106,156,127
58,Psy055.jpg,psylla,346,204,390,256
59,Psy056.jpg,psylla,267,189,312,220
60,Psy057.jpg,psylla,321,272,376,313
61,Psy058.jpg,psylla,141,221,173,256
62,Psy058.jpg,psylla,324,274,355,296
63,Psy059.jpg,psylla,127,57,159,78
64,Psy060.jpg,psylla,176,317,202,344
65,Psy061.jpg,psylla,36,215,76,256
66,Psy062.jpg,wasp,186,90,245,128
67,Psy063.jpg,psylla,278,148,314,198
68,Psy064.jpg,psylla,90,379,134,406
69,Psy064.jpg,psylla,412,28,459,53
70,Psy065.jpg,psylla,81,155,118,179
71,Psy066.jpg,psylla,406,388,432,408
72,Psy067.jpg,psylla,355,163,374,194
73,Psy068.jpg,psylla,132,260,170,298
74,Psy069.jpg,psylla,304,351,342,408
75,Psy070.jpg,psylla,180,181,223,202
76,Psy071.jpg,wasp,30,122,67,147
77,Psy072.jpg,wasp,158,235,195,290
78,Psy073.jpg,psylla,195,150,246,190
79,Psy074.jpg,wasp,386,242,427,294
80,Psy075.jpg,psylla,246,329,281,362
81,Psy076.jpg,wasp,287,346,333,371
82,Psy077.jpg,wasp,140,319,182,358
83,Psy078.jpg,psylla,296,367,340,405
84,Psy079.jpg,psylla,218,288,274,328
85,Psy079.jpg,psylla,190,381,219,395
86,Psy079.jpg,psylla,187,273,211,296
87,Psy079.jpg,psylla,160,261,185,283
88,Psy080.jpg,psylla,172,181,197,209
89,Psy081.jpg,psylla,278,273,318,290
90,Psy082.jpg,psylla,195,63,231,101
91,Psy082.jpg,psylla,204,8,233,40
92,Psy083.jpg,wasp,140,70,196,97
93,Psy084.jpg,wasp,264,306,306,347
94,Psy085.jpg,psylla,401,342,437,383
95,Psy085.jpg,psylla,32,70,77,91
96,Psy086.jpg,psylla,312,326,346,367
97,Psy086.jpg,psylla,420,96,449,147
98,Psy086.jpg,psylla,48,170,83,191
99,Psy087.jpg,psylla,127,131,175,177
100,Psy088.jpg,wasp,384,306,434,357
101,Psy089.jpg,wasp,229,77,284,107
102,Psy090.jpg,psylla,170,94,222,116
103,Psy091.jpg,psylla,227,35,264,68
104,Psy091.jpg,psylla,222,91,259,128
105,Psy092.jpg,psylla,286,236,310,279
106,Psy093.jpg,psylla,227,177,256,229
107,Psy094.jpg,psylla,171,95,198,126
108,Psy094.jpg,psylla,347,410,382,435
109,Psy095.jpg,psylla,226,308,270,330
110,Psy095.jpg,psylla,169,422,205,450
111,Psy096.jpg,psylla,150,141,181,179
112,Psy097.jpg,psylla,233,155,292,188
113,Psy098.jpg,psylla,313,116,343,151
114,Psy098.jpg,psylla,239,243,290,263
115,Psy099.jpg,psylla,266,328,325,353
116,Psy100.jpg,wasp,195,191,236,255
117,Psy101.jpg,psylla,345,120,406,159
118,Psy102.jpg,wasp,239,345,302,395
119,Psy102.jpg,psylla,150,114,201,162
120,Psy103.jpg,psylla,272,278,302,316
121,Psy104.jpg,psylla,295,148,363,200
122,Psy104.jpg,psylla,100,285,151,338
123,Psy105.jpg,wasp,339,103,374,179
124,Psy105.jpg,psylla,154,178,212,224
125,Psy105.jpg,wasp,161,282,202,305
126,Psy106.jpg,psylla,284,182,337,207
127,Psy107.jpg,psylla,145,231,182,279
128,Psy108.jpg,psylla,103,357,130,405
129,Psy108.jpg,psylla,376,124,421,166
130,Psy109.jpg,psylla,94,193,140,225
131,Psy110.jpg,psylla,346,180,374,230
132,Psy110.jpg,psylla,91,123,129,157
133,Psy110.jpg,psylla,88,78,128,112
134,Psy111.jpg,psylla,68,383,129,415
135,Psy111.jpg,psylla,270,184,318,229
136,Psy111.jpg,psylla,396,173,441,210
137,Psy112.jpg,psylla,124,101,188,128
138,Psy113.jpg,psylla,284,277,348,323
139,Psy114.jpg,psylla,293,201,329,259
140,Psy115.jpg,psylla,348,152,381,204
141,Psy115.jpg,psylla,64,401,111,446
142,Psy116.jpg,psylla,190,192,228,252
143,Psy117.jpg,psylla,183,234,237,257
144,Psy118.jpg,psylla,336,179,399,225
145,Psy118.jpg,psylla,44,94,87,120
146,Psy118.jpg,wasp,82,135,108,168
147,Psy119.jpg,psylla,252,155,294,186
148,Psy120.jpg,wasp,6,138,42,181
149,Psy121.jpg,wasp,147,313,190,349
150,Psy122.jpg,wasp,102,162,154,205
151,Psy123.jpg,psylla,413,309,471,350
152,Psy124.jpg,psylla,297,211,354,271
153,Psy125.jpg,psylla,330,230,372,254
154,Psy126.jpg,psylla,114,270,160,308
155,Psy126.jpg,psylla,401,264,430,284
156,Psy127.jpg,psylla,292,74,356,125
157,Psy128.jpg,psylla,260,144,300,176
158,Psy129.jpg,wasp,377,34,403,90
159,Psy130.jpg,wasp,229,29,276,89
160,Psy131.jpg,psylla,147,244,201,290
161,Psy132.jpg,psylla,218,74,292,102
162,Psy132.jpg,psylla,11,280,54,323
163,Psy133.jpg,psylla,99,203,154,270
164,Psy134.jpg,psylla,72,251,118,316
165,Psy135.jpg,psylla,373,174,434,203
166,Psy135.jpg,psylla,30,222,90,267
167,Psy136.jpg,psylla,159,49,237,92
168,Psy137.jpg,wasp,199,258,234,324
169,Psy137.jpg,psylla,259,113,300,150
170,Psy137.jpg,psylla,400,40,460,86
171,Psy138.jpg,wasp,78,323,120,389
172,Psy138.jpg,psylla,119,66,159,93
173,Psy139.jpg,psylla,187,219,233,267
174,Psy139.jpg,psylla,109,215,177,245
175,Psy140.jpg,psylla,11,182,68,245
176,Psy140.jpg,psylla,361,114,404,139
177,Psy141.jpg,psylla,309,233,363,272
178,Psy141.jpg,psylla,131,73,175,143
179,Psy142.jpg,psylla,181,237,231,294
180,Psy142.jpg,psylla,448,81,481,140
181,Psy143.jpg,psylla,306,70,340,102
182,Psy143.jpg,psylla,45,85,89,115
183,Psy143.jpg,wasp,194,60,221,97
184,Psy144.jpg,psylla,29,79,90,116
185,Psy144.jpg,psylla,434,460,469,483
186,Psy145.jpg,wasp,380,140,447,171
187,Psy146.jpg,wasp,374,315,445,346
188,Psy147.jpg,psylla,50,66,92,117
189,Psy148.jpg,psylla,222,166,263,183
190,Psy148.jpg,psylla,170,166,206,199
191,Psy149.jpg,wasp,286,26,332,75
192,Psy150.jpg,psylla,112,266,156,306
193,Psy151.jpg,psylla,289,208,325,253
194,Psy152.jpg,psylla,111,161,147,181
195,Psy152.jpg,psylla,16,194,57,214
196,Psy153.jpg,wasp,301,226,364,262
197,Psy154.jpg,psylla,280,166,343,222
198,Psy155.jpg,wasp,140,256,180,288
199,Psy156.jpg,psylla,290,245,335,291
200,Psy157.jpg,wasp,339,148,402,191
201,Psy157.jpg,psylla,129,114,168,137
202,Psy157.jpg,psylla,33,150,66,170
203,Psy158.jpg,psylla,21,179,64,226
204,Psy159.jpg,psylla,318,51,386,81
205,Psy160.jpg,wasp,163,300,233,330
206,Psy160.jpg,psylla,256,137,298,156
207,Psy161.jpg,psylla,354,78,414,119
208,Psy162.jpg,wasp,369,23,421,55
209,Psy162.jpg,wasp,171,35,212,92
210,Psy163.jpg,wasp,176,119,242,148
211,Psy164.jpg,psylla,283,177,331,215
212,Psy165.jpg,psylla,186,308,251,337
213,Psy166.jpg,wasp,153,205,213,234
214,Psy166.jpg,psylla,277,235,335,269
215,Psy166.jpg,psylla,399,282,452,307
216,Psy167.jpg,wasp,241,69,302,111
217,Psy168.jpg,psylla,136,164,191,197
218,Psy169.jpg,psylla,287,355,315,408
219,Psy169.jpg,psylla,181,15,226,73
220,Psy170.jpg,wasp,402,351,442,397
221,Psy170.jpg,wasp,240,270,286,294
222,Psy171.jpg,psylla,174,163,218,191
223,Psy172.jpg,psylla,260,186,309,211
224,Psy173.jpg,psylla,309,165,371,189
225,Psy173.jpg,psylla,121,246,180,283
226,Psy174.jpg,psylla,190,330,235,377
227,Psy175.jpg,wasp,197,138,268,165
228,Psy175.jpg,psylla,134,309,167,333
229,Psy176.jpg,psylla,277,161,325,217
230,Psy177.jpg,psylla,244,327,277,373
231,Psy178.jpg,wasp,165,376,228,416
232,Psy179.jpg,wasp,318,374,381,412
233,Psy179.jpg,psylla,202,345,264,384
234,Psy179.jpg,psylla,84,300,139,334
235,Psy180.jpg,psylla,271,194,325,227
236,Psy181.jpg,wasp,79,369,121,415
237,Psy181.jpg,wasp,22,41,86,80
238,Psy182.jpg,psylla,356,170,402,201
239,Psy183.jpg,psylla,197,221,265,262
240,Psy184.jpg,psylla,18,69,73,111
241,Psy184.jpg,psylla,185,398,232,445
242,Psy184.jpg,psylla,156,224,190,243
243,Psy184.jpg,wasp,414,46,458,68
244,Psy185.jpg,wasp,199,91,253,125
245,Psy185.jpg,psylla,257,341,305,388
246,Psy186.jpg,psylla,211,174,253,230
247,Psy188.jpg,psylla,96,189,142,256
248,Psy188.jpg,psylla,370,157,425,197
249,Psy189.jpg,psylla,176,65,237,110
250,Psy190.jpg,wasp,127,149,162,218
251,Psy191.jpg,psylla,71,116,145,150
252,Psy191.jpg,psylla,385,37,442,95
253,Psy192.jpg,psylla,306,84,365,115
254,Psy192.jpg,psylla,223,181,273,223
255,Psy193.jpg,psylla,222,251,258,297
256,Psy194.jpg,wasp,115,275,153,310
257,Psy194.jpg,psylla,320,11,362,37
258,Psy194.jpg,psylla,252,112,290,140
259,Psy195.jpg,psylla,141,163,205,194
260,Psy196.jpg,psylla,170,346,227,387
261,Psy197.jpg,psylla,62,75,124,107
262,Psy198.jpg,psylla,193,106,243,162
263,Psy199.jpg,psylla,239,140,299,178
264,Psy200.jpg,wasp,286,127,326,198
265,Psy201.jpg,psylla,392,194,449,236
266,Psy202.jpg,psylla,323,325,367,393
267,Psy203.jpg,wasp,321,239,387,292
268,Psy203.jpg,psylla,100,195,147,233
269,Psy204.jpg,wasp,412,249,451,300
270,Psy204.jpg,psylla,133,147,161,206
271,Psy205.jpg,psylla,40,433,100,473
272,Psy206.jpg,psylla,314,90,367,125
273,Psy206.jpg,psylla,61,279,99,327
274,Psy207.jpg,psylla,270,291,317,329
275,Psy207.jpg,psylla,170,389,233,423
276,Psy208.jpg,psylla,407,196,473,230
277,Psy208.jpg,psylla,36,222,97,248
278,Psy209.jpg,psylla,240,291,299,348
279,Psy209.jpg,psylla,150,85,221,114
280,Psy210.jpg,wasp,254,139,303,174
281,Psy210.jpg,psylla,42,405,92,432
282,Psy210.jpg,psylla,117,308,150,329
283,Psy211.jpg,psylla,179,39,233,87
284,Psy211.jpg,psylla,330,373,388,415
285,Psy211.jpg,psylla,218,238,253,259
286,Psy212.jpg,psylla,173,235,241,275
287,Psy213.jpg,psylla,107,253,150,330
288,Psy214.jpg,psylla,357,311,417,359
289,Psy215.jpg,psylla,273,191,319,243
290,Psy216.jpg,psylla,199,207,237,265
291,Psy217.jpg,wasp,281,171,330,234
292,Psy218.jpg,psylla,183,274,228,320
293,Psy219.jpg,wasp,137,225,215,261
294,Psy220.jpg,wasp,220,245,269,272
295,Psy221.jpg,psylla,160,394,214,430
296,Psy222.jpg,psylla,127,262,193,287
297,Psy223.jpg,psylla,19,174,89,209
298,Psy223.jpg,psylla,21,52,87,99
299,Psy224.jpg,wasp,218,210,268,285
300,Psy225.jpg,wasp,169,233,221,263
301,Psy226.jpg,wasp,298,181,333,254
302,Psy227.jpg,wasp,306,412,373,453
303,Psy227.jpg,psylla,402,345,462,381
304,Psy228.jpg,psylla,133,151,198,180
305,Psy229.jpg,psylla,291,95,342,137
306,Psy230.jpg,psylla,38,181,93,213
307,Psy231.jpg,psylla,114,135,179,162
308,Psy231.jpg,wasp,212,215,249,271
309,Psy231.jpg,wasp,343,320,392,371
310,Psy231.jpg,wasp,413,72,480,105
311,Psy232.jpg,psylla,246,141,306,176
312,Psy232.jpg,psylla,241,262,297,300
313,Psy233.jpg,psylla,192,312,255,345
314,Psy234.jpg,wasp,317,119,385,152
315,Psy235.jpg,psylla,159,205,201,249
316,Psy236.jpg,psylla,278,226,333,273
317,Psy237.jpg,psylla,316,253,349,277
318,Psy238.jpg,wasp,188,131,237,161
319,Psy239.jpg,psylla,226,89,245,112
320,Psy239.jpg,psylla,169,46,196,84
321,Psy240.jpg,psylla,39,110,72,167
322,Psy240.jpg,psylla,431,291,467,329
323,Psy241.jpg,psylla,166,400,220,435
324,Psy241.jpg,psylla,334,465,389,496
325,Psy242.jpg,psylla,391,124,419,150
326,Psy242.jpg,psylla,373,258,409,288
327,Psy242.jpg,psylla,168,372,202,410
328,Psy242.jpg,psylla,33,247,58,289
329,Psy243.jpg,psylla,384,380,415,407
330,Psy243.jpg,psylla,194,416,226,436
331,Psy243.jpg,psylla,244,89,270,119
332,Psy244.jpg,psylla,155,170,207,214
333,Psy244.jpg,psylla,369,459,400,483
334,Psy245.jpg,psylla,313,132,349,166
335,Psy245.jpg,wasp,162,405,190,456
336,Psy245.jpg,psylla,216,374,258,394
337,Psy246.jpg,psylla,260,225,323,262
338,Psy247.jpg,psylla,169,254,207,315
339,Psy248.jpg,psylla,315,116,354,161
340,Psy248.jpg,psylla,268,91,292,115
341,Psy249.jpg,psylla,274,90,321,133
342,Psy250.jpg,psylla,200,220,253,260
343,Psy251.jpg,wasp,280,221,306,266
344,Psy252.jpg,psylla,346,321,388,349
345,Psy252.jpg,psylla,139,249,196,279
346,Psy253.jpg,psylla,253,191,285,243
347,Psy254.jpg,psylla,249,218,284,270
348,Psy255.jpg,wasp,189,255,238,284
349,Psy256.jpg,wasp,201,226,251,247
350,Psy257.jpg,psylla,230,200,285,230
351,Psy258.jpg,psylla,220,260,283,287
352,Psy259.jpg,wasp,47,147,106,179
353,Psy260.jpg,wasp,198,283,239,348
354,Psy261.jpg,wasp,186,180,223,235
355,Psy262.jpg,wasp,262,395,297,455
356,Psy263.jpg,wasp,147,60,195,110
357,Psy264.jpg,wasp,195,242,231,301
358,Psy265.jpg,wasp,221,237,268,290
359,Psy266.jpg,wasp,174,114,215,176
360,Psy267.jpg,wasp,190,186,245,220
361,Psy268.jpg,psylla,253,364,275,398
362,Psy268.jpg,psylla,195,354,222,386
363,Psy269.jpg,psylla,202,408,255,459
364,Psy270.jpg,wasp,311,332,369,360
365,Psy270.jpg,wasp,301,269,342,326
366,Psy270.jpg,wasp,350,40,397,99
367,Psy271.jpg,psylla,230,102,259,163
368,Psy271.jpg,psylla,173,143,200,183
369,Psy271.jpg,psylla,289,256,323,295
370,Psy271.jpg,psylla,246,219,264,253
371,Psy271.jpg,psylla,249,420,278,443
372,Psy272.jpg,wasp,396,135,454,157
373,Psy272.jpg,psylla,414,166,442,183
374,Psy272.jpg,wasp,185,331,222,374
375,Psy272.jpg,psylla,21,247,80,277
376,Psy273.jpg,wasp,371,157,406,212
377,Psy273.jpg,wasp,103,83,147,130
378,Psy274.jpg,wasp,54,253,81,306
379,Psy274.jpg,psylla,319,171,356,220
380,Psy275.jpg,wasp,377,72,437,100
381,Psy275.jpg,wasp,311,257,360,289
382,Psy275.jpg,psylla,95,278,140,324
383,Psy275.jpg,psylla,357,384,390,401
384,Psy275.jpg,psylla,434,368,464,401
385,Psy276.jpg,psylla,286,55,321,96
386,Psy276.jpg,psylla,355,462,403,489
387,Psy276.jpg,psylla,210,92,245,139
388,Psy277.jpg,psylla,233,258,301,295
389,Psy277.jpg,wasp,26,68,72,100
390,Psy277.jpg,psylla,353,297,382,333
391,Psy278.jpg,psylla,286,238,324,284
392,Psy278.jpg,wasp,85,105,127,130
393,Psy279.jpg,psylla,129,15,168,58
394,Psy279.jpg,psylla,373,461,418,490
395,Psy279.jpg,psylla,11,470,51,493
396,Psy280.jpg,psylla,309,141,357,165
397,Psy280.jpg,psylla,338,251,398,278
398,Psy280.jpg,psylla,112,288,146,322
399,Psy281.jpg,wasp,269,121,312,152
400,Psy281.jpg,wasp,43,241,107,267
401,Psy281.jpg,wasp,3,148,52,169
402,Psy282.jpg,wasp,263,126,304,167
403,Psy282.jpg,wasp,171,386,197,423
404,Psy282.jpg,psylla,439,400,471,424
405,Psy282.jpg,psylla,423,274,455,302
406,Psy282.jpg,psylla,410,88,443,108
407,Psy283.jpg,wasp,69,186,114,226
408,Psy283.jpg,psylla,202,236,225,288
409,Psy284.jpg,wasp,221,26,242,72
410,Psy284.jpg,wasp,186,395,235,417
411,Psy284.jpg,psylla,235,420,275,456
412,Psy284.jpg,psylla,257,289,286,322
413,Psy284.jpg,psylla,288,385,324,403
414,Psy285.jpg,psylla,251,247,291,292
415,Psy285.jpg,psylla,167,286,208,329
416,Psy286.jpg,wasp,141,56,208,89
417,Psy286.jpg,wasp,252,378,308,418
418,Psy287.jpg,wasp,249,370,296,395
419,Psy288.jpg,wasp,236,335,275,365
420,Psy289.jpg,wasp,236,212,276,243
421,Psy289.jpg,psylla,168,383,216,429
422,Psy290.jpg,wasp,165,152,219,187
423,Psy290.jpg,psylla,123,233,154,255
424,Psy291.jpg,wasp,111,117,165,139
425,Psy292.jpg,wasp,84,82,134,119
426,Psy292.jpg,wasp,280,213,317,248
427,Psy293.jpg,psylla,159,348,188,401
428,Psy294.jpg,wasp,139,166,172,214
429,Psy295.jpg,wasp,212,172,261,202
430,Psy295.jpg,wasp,162,222,221,250
431,Psy295.jpg,wasp,386,334,423,387
432,Psy296.jpg,wasp,216,190,245,238
433,Psy297.jpg,wasp,323,323,352,367
434,Psy297.jpg,psylla,235,459,259,490
435,Psy298.jpg,wasp,238,333,260,382
436,Psy298.jpg,psylla,285,380,327,418
437,Psy299.jpg,wasp,265,238,307,280
438,Psy300.jpg,wasp,342,125,392,145
439,Psy300.jpg,wasp,133,144,182,170
440,Psy300.jpg,wasp,356,402,405,430
441,Psy301.jpg,wasp,342,346,392,373
442,Psy301.jpg,psylla,86,223,139,253
443,Psy302.jpg,wasp,196,98,239,149
444,Psy303.jpg,wasp,176,129,200,170
445,Psy304.jpg,wasp,173,206,224,235
446,Psy304.jpg,wasp,333,211,390,233
447,Psy305.jpg,psylla,189,62,257,98
448,Psy306.jpg,psylla,253,100,292,128
449,Psy306.jpg,psylla,84,41,114,101
450,Psy306.jpg,psylla,421,331,467,373
451,Psy307.jpg,psylla,359,82,432,123
452,Psy307.jpg,psylla,217,39,277,70
453,Psy307.jpg,psylla,189,108,223,169
454,Psy307.jpg,psylla,43,396,88,447
455,Psy308.jpg,psylla,58,337,127,368
456,Psy308.jpg,psylla,141,387,170,411
457,Psy309.jpg,psylla,251,307,314,345
458,Psy309.jpg,psylla,33,93,75,129
459,Psy309.jpg,psylla,331,76,372,108
460,Psy309.jpg,psylla,274,31,334,72
461,Psy309.jpg,psylla,343,262,393,289
462,Psy310.jpg,wasp,377,347,448,380
463,Psy310.jpg,psylla,219,159,260,222
464,Psy310.jpg,psylla,46,154,84,200
465,Psy310.jpg,psylla,119,90,155,124
466,Psy311.jpg,psylla,130,281,195,327
467,Psy311.jpg,psylla,366,179,396,243
468,Psy312.jpg,wasp,287,197,331,219
469,Psy312.jpg,psylla,9,220,71,252
470,Psy312.jpg,psylla,439,233,491,270
471,Psy312.jpg,psylla,94,355,146,394
472,Psy313.jpg,psylla,324,175,373,221
473,Psy313.jpg,psylla,71,92,114,152
474,Psy313.jpg,psylla,76,347,111,407
475,Psy314.jpg,psylla,123,71,157,114
476,Psy314.jpg,psylla,117,211,159,255
477,Psy315.jpg,psylla,132,96,185,133
478,Psy315.jpg,psylla,255,290,300,333
479,Psy316.jpg,psylla,275,199,333,228
480,Psy317.jpg,psylla,60,212,99,278
481,Psy317.jpg,psylla,175,108,215,160
482,Psy317.jpg,psylla,223,46,258,116
483,Psy317.jpg,psylla,244,416,293,457
484,Psy318.jpg,wasp,177,411,222,434
485,Psy319.jpg,psylla,188,404,249,434
486,Psy319.jpg,psylla,417,103,462,140
487,Psy319.jpg,psylla,252,128,287,183
488,Psy320.jpg,psylla,96,321,143,384
489,Psy320.jpg,psylla,127,98,195,138
490,Psy321.jpg,psylla,258,450,324,483
491,Psy322.jpg,psylla,215,185,268,227
492,Psy322.jpg,psylla,413,358,467,392
493,Psy322.jpg,psylla,126,389,198,411
494,Psy322.jpg,psylla,338,443,374,495
495,Psy322.jpg,psylla,324,21,359,70
496,Psy322.jpg,psylla,183,30,211,68
497,Psy322.jpg,psylla,331,114,355,137
498,Psy323.jpg,psylla,299,192,345,237
499,Psy324.jpg,psylla,182,442,230,486
500,Psy325.jpg,psylla,340,167,383,215
501,Psy325.jpg,psylla,152,423,179,446
502,Psy325.jpg,psylla,102,355,124,388
503,Psy325.jpg,psylla,362,94,400,114
504,Psy326.jpg,psylla,128,348,183,383
505,Psy326.jpg,psylla,294,417,349,452
506,Psy326.jpg,psylla,324,120,372,146
507,Psy327.jpg,psylla,21,251,72,302
508,Psy328.jpg,psylla,211,134,264,177
509,Psy329.jpg,psylla,416,371,454,417
510,Psy329.jpg,psylla,82,207,148,235
511,Psy329.jpg,psylla,278,296,309,328
512,Psy330.jpg,psylla,391,418,445,473
513,Psy330.jpg,psylla,197,43,231,116
514,Psy330.jpg,psylla,21,68,77,101
515,Psy330.jpg,psylla,125,285,166,335
516,Psy330.jpg,psylla,10,271,37,309
517,Psy331.jpg,psylla,404,126,451,157
518,Psy331.jpg,psylla,275,86,332,114
519,Psy331.jpg,psylla,53,207,106,257
520,Psy331.jpg,psylla,86,427,125,464
521,Psy332.jpg,psylla,410,150,458,194
522,Psy332.jpg,psylla,449,456,475,489
523,Psy332.jpg,psylla,296,107,343,141
524,Psy332.jpg,psylla,98,116,130,171
525,Psy333.jpg,psylla,194,170,257,203
526,Psy333.jpg,psylla,416,119,450,148
527,Psy334.jpg,psylla,371,231,393,255
528,Psy334.jpg,psylla,184,274,237,317
529,Psy334.jpg,psylla,192,247,226,272
530,Psy334.jpg,psylla,106,228,142,291
531,Psy334.jpg,psylla,67,57,111,86
532,Psy335.jpg,psylla,249,159,284,214
533,Psy335.jpg,psylla,291,417,322,455
534,Psy336.jpg,psylla,218,330,291,362
535,Psy336.jpg,psylla,201,10,252,35
536,Psy337.jpg,psylla,67,257,95,316
537,Psy338.jpg,psylla,347,431,410,456
538,Psy338.jpg,psylla,244,304,305,344
539,Psy339.jpg,psylla,368,376,430,406
540,Psy339.jpg,psylla,120,40,178,91
541,Psy340.jpg,psylla,116,157,165,205
542,Psy340.jpg,psylla,98,421,135,465
543,Psy340.jpg,psylla,341,77,393,111
544,Psy340.jpg,psylla,399,38,458,74
545,Psy341.jpg,psylla,43,386,87,419
546,Psy342.jpg,psylla,303,247,357,287
547,Psy342.jpg,psylla,144,286,186,306
548,Psy343.jpg,psylla,307,322,352,365
549,Psy343.jpg,psylla,293,187,324,236
550,Psy343.jpg,psylla,144,279,172,338
551,Psy343.jpg,psylla,60,252,121,291
552,Psy344.jpg,psylla,300,98,358,125
553,Psy344.jpg,psylla,29,256,85,296
554,Psy345.jpg,wasp,184,145,237,175
555,Psy345.jpg,psylla,47,74,92,108
556,Psy345.jpg,psylla,280,355,344,387
557,Psy345.jpg,psylla,122,471,148,499
558,Psy346.jpg,psylla,66,66,131,96
559,Psy346.jpg,psylla,39,353,75,375
560,Psy347.jpg,psylla,215,166,270,217
561,Psy347.jpg,psylla,273,320,317,362
562,Psy347.jpg,psylla,89,289,128,330
563,Psy347.jpg,psylla,65,256,80,295
564,Psy348.jpg,psylla,210,275,273,322
565,Psy348.jpg,psylla,359,144,417,184
566,Psy349.jpg,wasp,109,208,147,256
567,Psy350.jpg,wasp,134,256,190,292
568,Psy351.jpg,wasp,218,439,280,462
569,Psy352.jpg,wasp,193,241,215,277
570,Psy353.jpg,psylla,211,344,262,378
571,Psy353.jpg,psylla,330,49,364,80
572,Psy353.jpg,psylla,67,194,108,232
573,Psy354.jpg,psylla,216,291,282,322
574,Psy355.jpg,wasp,232,420,259,478
575,Psy355.jpg,psylla,181,29,222,82
576,Psy356.jpg,wasp,168,139,215,193
577,Psy356.jpg,psylla,380,335,441,360
578,Psy356.jpg,psylla,223,342,251,371
579,Psy357.jpg,wasp,164,121,223,144
580,Psy358.jpg,wasp,248,184,309,218
581,Psy359.jpg,wasp,131,379,158,425
582,Psy359.jpg,psylla,52,334,126,369
583,Psy359.jpg,psylla,400,116,448,175
584,Psy359.jpg,psylla,438,46,465,72
585,Psy359.jpg,psylla,348,284,369,310
586,Psy360.jpg,wasp,139,226,189,289
587,Psy361.jpg,wasp,334,207,360,263
588,Psy361.jpg,psylla,185,381,246,406
589,Psy361.jpg,psylla,140,42,186,87
590,Psy361.jpg,psylla,12,443,48,466
591,Psy362.jpg,psylla,264,301,321,344
592,Psy362.jpg,psylla,138,161,183,226
593,Psy363.jpg,psylla,290,178,345,202
594,Psy363.jpg,psylla,202,260,239,280
595,Psy364.jpg,psylla,235,230,279,290
596,Psy364.jpg,psylla,126,80,169,140
597,Psy365.jpg,psylla,209,193,281,225
598,Psy365.jpg,psylla,399,87,451,132
599,Psy365.jpg,psylla,106,221,159,253
600,Psy366.jpg,psylla,335,155,383,178
601,Psy366.jpg,psylla,375,270,429,303
602,Psy367.jpg,wasp,200,103,255,142
603,Psy367.jpg,wasp,381,84,444,129
604,Psy367.jpg,psylla,213,255,264,296
605,Psy367.jpg,psylla,171,388,194,409
606,Psy368.jpg,wasp,157,305,213,342
607,Psy368.jpg,psylla,329,127,391,152
608,Psy369.jpg,psylla,290,137,332,182
609,Psy370.jpg,psylla,284,99,310,144
610,Psy371.jpg,psylla,290,104,356,130
611,Psy371.jpg,psylla,341,147,379,182
612,Psy371.jpg,psylla,93,321,138,367
613,Psy372.jpg,psylla,277,281,334,316
614,Psy372.jpg,psylla,130,102,168,153
615,Psy373.jpg,wasp,57,329,104,376
616,Psy373.jpg,psylla,273,246,324,288
617,Psy373.jpg,psylla,136,97,192,121
618,Psy374.jpg,wasp,92,315,150,340
619,Psy374.jpg,psylla,339,92,385,137
620,Psy374.jpg,psylla,217,252,268,297
621,Psy375.jpg,wasp,115,175,155,228
622,Psy375.jpg,psylla,440,241,493,280
623,Psy376.jpg,wasp,349,245,376,288
624,Psy376.jpg,psylla,72,344,112,380
625,Psy377.jpg,psylla,342,85,373,141
626,Psy378.jpg,wasp,289,85,324,142
627,Psy378.jpg,psylla,245,458,300,492
628,Psy378.jpg,psylla,16,25,45,65
629,Psy379.jpg,psylla,370,43,428,85
630,Psy379.jpg,psylla,401,270,458,300
631,Psy379.jpg,psylla,274,163,326,209
632,Psy380.jpg,psylla,103,60,156,85
633,Psy380.jpg,psylla,116,221,167,247
634,Psy380.jpg,psylla,79,186,140,211
635,Psy380.jpg,psylla,238,29,264,71
636,Psy381.jpg,psylla,135,137,171,172
637,Psy381.jpg,psylla,65,256,121,281
638,Psy382.jpg,wasp,225,238,286,262
639,Psy382.jpg,psylla,249,118,285,166
640,Psy382.jpg,psylla,423,299,463,356
641,Psy383.jpg,psylla,393,129,466,159
642,Psy383.jpg,psylla,47,60,89,117
643,Psy383.jpg,psylla,343,423,383,465
644,Psy384.jpg,psylla,99,369,143,434
645,Psy384.jpg,psylla,249,399,304,426
646,Psy384.jpg,psylla,276,54,310,71
647,Psy384.jpg,psylla,70,202,126,229
648,Psy385.jpg,psylla,248,401,302,443
649,Psy385.jpg,psylla,195,330,269,363
650,Psy385.jpg,psylla,415,95,447,142
651,Psy385.jpg,psylla,50,81,87,138
652,Psy385.jpg,psylla,57,235,109,274
653,Psy386.jpg,psylla,145,36,192,99
654,Psy386.jpg,psylla,180,286,232,316
655,Psy386.jpg,psylla,388,348,424,399
656,Psy387.jpg,psylla,53,339,128,366
657,Psy388.jpg,psylla,224,182,295,211
658,Psy389.jpg,wasp,272,87,328,121
659,Psy390.jpg,psylla,118,146,206,198
660,Psy390.jpg,psylla,302,313,351,382
661,Psy391.jpg,psylla,82,122,139,167
662,Psy392.jpg,psylla,234,123,293,146
663,Psy393.jpg,psylla,246,197,298,235
664,Psy393.jpg,psylla,211,152,255,200
665,Psy393.jpg,psylla,123,62,160,94
666,Psy394.jpg,psylla,236,120,290,166
667,Psy394.jpg,psylla,342,293,377,326
668,Psy395.jpg,psylla,164,218,228,250
669,Psy396.jpg,wasp,192,133,250,167
670,Psy397.jpg,wasp,262,259,302,313
671,Psy398.jpg,psylla,428,91,459,123
672,Psy398.jpg,psylla,263,70,300,97
673,Psy399.jpg,psylla,255,206,300,240
674,Psy399.jpg,psylla,375,106,409,135
675,Psy399.jpg,psylla,215,261,243,283
676,Psy399.jpg,psylla,441,54,471,84
677,Psy400.jpg,psylla,199,377,236,403
678,Psy400.jpg,psylla,223,418,265,442
679,Psy400.jpg,psylla,433,377,466,401
680,Psy400.jpg,psylla,222,254,252,271
681,Psy400.jpg,psylla,34,221,75,263
682,Psy401.jpg,psylla,67,156,101,183
683,Psy402.jpg,psylla,69,104,125,129
684,Psy402.jpg,psylla,272,300,312,325
685,Psy403.jpg,psylla,110,206,162,250
686,Psy403.jpg,psylla,308,363,341,387
687,Psy403.jpg,psylla,375,52,418,73
688,Psy403.jpg,psylla,229,66,257,89
689,Psy404.jpg,psylla,302,391,341,444
690,Psy404.jpg,psylla,196,310,253,353
691,Psy405.jpg,psylla,36,82,74,122
692,Psy406.jpg,psylla,25,157,67,187
693,Psy407.jpg,psylla,423,361,493,396
694,Psy407.jpg,psylla,119,193,149,231
695,Psy407.jpg,psylla,9,25,70,55
696,Psy408.jpg,psylla,421,85,481,120
697,Psy408.jpg,psylla,430,410,469,450
698,Psy408.jpg,psylla,239,165,276,202
699,Psy408.jpg,psylla,164,140,198,176
700,Psy408.jpg,psylla,35,219,100,256
701,Psy409.jpg,psylla,289,442,333,467
702,Psy409.jpg,psylla,237,453,269,472
703,Psy409.jpg,psylla,165,395,193,445
704,Psy409.jpg,psylla,63,266,128,323
705,Psy409.jpg,psylla,261,69,308,105
706,Psy409.jpg,psylla,399,36,464,87
707,Psy409.jpg,psylla,7,451,44,474
708,Psy409.jpg,psylla,171,342,232,375
709,Psy410.jpg,psylla,238,283,274,316
710,Psy410.jpg,psylla,267,199,307,216
711,Psy410.jpg,psylla,116,67,179,100
712,Psy410.jpg,psylla,402,119,443,147
713,Psy410.jpg,psylla,296,259,336,288
714,Psy411.jpg,psylla,59,79,95,135
715,Psy411.jpg,psylla,118,399,158,423
716,Psy412.jpg,psylla,391,358,452,418
717,Psy412.jpg,psylla,119,141,170,167
718,Psy412.jpg,psylla,31,25,70,55
719,Psy412.jpg,psylla,159,61,193,96
720,Psy413.jpg,psylla,95,151,155,186
721,Psy414.jpg,psylla,280,344,355,376
722,Psy414.jpg,psylla,199,207,261,229
723,Psy414.jpg,psylla,273,219,320,243
724,Psy414.jpg,psylla,283,168,312,190
725,Psy414.jpg,psylla,166,17,208,36
726,Psy414.jpg,psylla,242,425,276,461
727,Psy414.jpg,psylla,28,382,84,406
728,Psy415.jpg,psylla,137,126,189,156
729,Psy415.jpg,psylla,99,43,151,94
730,Psy415.jpg,psylla,144,298,166,333
731,Psy415.jpg,psylla,148,424,182,447
732,Psy415.jpg,psylla,6,284,37,309
733,Psy416.jpg,psylla,208,181,264,217
734,Psy416.jpg,psylla,332,103,362,126
735,Psy416.jpg,psylla,386,138,421,163
736,Psy416.jpg,psylla,172,39,227,66
737,Psy416.jpg,psylla,-2,273,33,301
738,Psy416.jpg,psylla,191,265,255,293
739,Psy417.jpg,psylla,319,39,362,64
740,Psy417.jpg,psylla,427,289,457,309
741,Psy417.jpg,psylla,106,38,135,59
742,Psy418.jpg,psylla,236,222,261,262
743,Psy418.jpg,psylla,198,367,228,394
744,Psy418.jpg,psylla,230,93,266,118
745,Psy419.jpg,psylla,157,52,187,64
746,Psy419.jpg,psylla,120,73,157,100
747,Psy419.jpg,psylla,76,51,103,79
748,Psy420.jpg,psylla,75,139,142,166
749,Psy420.jpg,psylla,135,183,164,210
750,Psy420.jpg,psylla,283,413,322,433
751,Psy421.jpg,psylla,375,278,447,316
752,Psy421.jpg,psylla,396,111,437,141
753,Psy421.jpg,psylla,236,160,278,189
754,Psy421.jpg,psylla,78,93,131,125
755,Psy421.jpg,psylla,353,369,380,390
756,Psy421.jpg,psylla,92,390,132,427
757,Psy421.jpg,psylla,96,341,138,369
758,Psy421.jpg,psylla,293,287,324,313
759,Psy421.jpg,psylla,270,250,301,274
760,Psy421.jpg,psylla,429,203,474,225
761,Psy422.jpg,psylla,55,198,98,229
762,Psy422.jpg,psylla,233,19,305,48
763,Psy422.jpg,psylla,152,388,198,421
764,Psy423.jpg,psylla,224,164,284,201
765,Psy423.jpg,psylla,441,254,479,306
766,Psy423.jpg,psylla,392,374,454,408
767,Psy423.jpg,psylla,355,437,394,465
768,Psy423.jpg,psylla,38,70,99,119
769,Psy424.jpg,psylla,445,215,482,234
770,Psy424.jpg,psylla,387,178,425,209
771,Psy424.jpg,psylla,407,63,434,107
772,Psy424.jpg,psylla,81,51,143,82
773,Psy424.jpg,psylla,131,341,196,383
774,Psy425.jpg,psylla,361,247,425,280
775,Psy425.jpg,psylla,134,196,191,223
776,Psy425.jpg,psylla,309,160,340,183
777,Psy425.jpg,psylla,66,76,101,132
778,Psy426.jpg,psylla,387,335,432,365
779,Psy426.jpg,psylla,125,176,169,210
780,Psy426.jpg,psylla,298,197,321,226
781,Psy426.jpg,psylla,275,71,313,106
782,Psy427.jpg,psylla,417,300,453,329
783,Psy427.jpg,psylla,108,330,176,354
784,Psy427.jpg,psylla,97,309,144,332
785,Psy427.jpg,psylla,245,133,280,163
786,Psy428.jpg,psylla,387,256,425,282
787,Psy428.jpg,psylla,382,159,409,193
788,Psy428.jpg,psylla,237,256,298,300
789,Psy428.jpg,psylla,36,294,95,333
790,Psy428.jpg,psylla,220,450,252,499
791,Psy429.jpg,psylla,270,184,322,228
792,Psy429.jpg,psylla,172,268,240,308
793,Psy430.jpg,psylla,73,127,107,161
794,Psy430.jpg,psylla,48,184,110,213
795,Psy430.jpg,psylla,382,133,415,159
796,Psy431.jpg,wasp,51,94,92,158
797,Psy431.jpg,psylla,455,413,484,457
798,Psy431.jpg,psylla,436,325,481,352
799,Psy431.jpg,psylla,379,337,422,369
800,Psy431.jpg,psylla,43,382,101,424
801,Psy431.jpg,psylla,82,292,121,322
802,Psy432.jpg,psylla,126,193,189,230
803,Psy432.jpg,psylla,336,237,368,263
804,Psy432.jpg,psylla,405,428,447,450
805,Psy432.jpg,psylla,32,411,62,435
806,Psy433.jpg,psylla,175,401,213,420
807,Psy433.jpg,psylla,414,163,443,183
808,Psy433.jpg,psylla,64,193,106,217
809,Psy434.jpg,psylla,243,212,304,250
810,Psy435.jpg,psylla,111,222,169,254
811,Psy435.jpg,psylla,339,241,365,266
812,Psy436.jpg,psylla,251,288,298,308
813,Psy436.jpg,psylla,89,253,135,279
814,Psy436.jpg,psylla,467,338,496,355
815,Psy436.jpg,psylla,182,280,208,302
816,Psy437.jpg,psylla,156,169,225,210
817,Psy437.jpg,psylla,78,202,112,232
818,Psy438.jpg,psylla,114,237,170,271
819,Psy438.jpg,psylla,91,196,124,216
820,Psy438.jpg,psylla,286,182,317,202
821,Psy438.jpg,psylla,421,97,470,117
822,Psy439.jpg,psylla,254,218,306,266
823,Psy439.jpg,psylla,406,318,449,344
824,Psy439.jpg,psylla,102,361,140,385
825,Psy440.jpg,psylla,421,206,456,236
826,Psy440.jpg,psylla,260,139,287,171
827,Psy440.jpg,psylla,138,207,171,227
828,Psy441.jpg,psylla,415,120,472,157
829,Psy441.jpg,psylla,47,53,79,111
830,Psy442.jpg,psylla,390,239,436,269
831,Psy442.jpg,psylla,339,327,385,352
832,Psy442.jpg,psylla,93,62,127,84
833,Psy442.jpg,psylla,164,330,222,356
834,Psy443.jpg,psylla,324,68,363,124
835,Psy443.jpg,psylla,107,249,160,285
836,Psy443.jpg,psylla,51,299,89,318
837,Psy443.jpg,psylla,466,424,500,454
838,Psy443.jpg,psylla,419,122,447,146
839,Psy444.jpg,psylla,223,195,263,222
840,Psy445.jpg,psylla,167,169,211,225
841,Psy446.jpg,psylla,264,148,302,184
842,Psy447.jpg,psylla,213,138,291,173
843,Psy448.jpg,psylla,82,170,131,217
844,Psy449.jpg,psylla,261,130,328,180
845,Psy449.jpg,psylla,145,34,186,89
846,Psy450.jpg,psylla,184,154,250,203
847,Psy451.jpg,psylla,174,365,224,417
848,Psy452.jpg,psylla,186,156,223,179
849,Psy453.jpg,wasp,221,180,258,237
850,Psy454.jpg,psylla,221,422,259,481
851,Psy455.jpg,wasp,297,135,357,161
852,Psy456.jpg,psylla,388,208,454,237
853,Psy456.jpg,psylla,248,97,301,150
854,Psy457.jpg,wasp,298,150,338,215
855,Psy458.jpg,wasp,176,232,237,267
